;type_of_equipment;type_of_station;station;country;year_of_manufacture;power;number_of_turbines;sum_power
0;Паровые турбины;ГРЭС;Карагандинская ГРЭС ст. № 4;Казахстан;2020;130.0;1.0;130.0
1;Гидравлические турбины;ГЭС;Воткинская ГЭС;Россия;2020;118.0;5.0;590.0
4;Гидравлические турбины;ГЭС;Фархадская ГЭС;Узбекистан;2020;31.0;1.0;31.0
5;Паровые турбины;ТЭС;Сырдарьинская ТЭС ст. № 5, № 6;Узбекистан;2019;325.0;2.0;650.0
6;Паровые турбины;ТЭЦ;Кишеневская ТЭЦ-1 ст.№2;Молдавия;2019;94.0;1.0;94.0
9;Паровые турбины;ТЭС;Свободненская (Амурская) ТЭС ст. № 1, 2;Россия;2019;80.0;2.0;160.0
11;Гидравлические турбины;ГЭС;Нижегородская ГЭС;Россия;2019;74.0;1.0;74.0
12;Паровые турбины;ТЭЦ;Читинская ТЭЦ-1;Россия;2019;60.0;1.0;60.0
13;Гидравлические турбины;ГЭС;Фархадская ГЭС;Узбекистан;2019;34.0;2.0;68.0
16;Паровые турбины;АЭС;Куданкулам АЭС, блок №3;Индия;2018;1000.0;1.0;1000.0
17;Паровые турбины;ТЭС;Сырдарьинская ТЭС ст. № 3, № 4;Узбекистан;2018;300.0;2.0;600.0
19;Гидравлические турбины;ГЭС;Джердап-1 ГЭС;Сербия;2018;205.0;3.0;615.0
22;Паровые турбины;ТЭЦ;Норильская ТЭЦ-2;Россия;2018;130.0;1.0;130.0
27;Паровые турбины;ТЭС;"ТЭС ""Максимо Гомес""";Куба;2018;100.0;1.0;100.0
28;Паровые турбины;ТЭЦ;ТЭЦ-ПВС ПАО «Северсталь»;Россия;2018;81.0;1.0;81.0
29;Гидравлические турбины;ГЭС;Чебоксарская ГЭС;Россия;2018;80.0;13.0;1040.0
33;Паровые турбины;ГРЭС;Невинномысская ГРЭС;Россия;2018;54.0;1.0;54.0
34;Паровые турбины;АЭС;Белорусская АЭС, блоки №1,2;Белоруссия;2017;1200.0;2.0;2400.0
38;Паровые турбины;ТЭС;Бурштынская ТЭС;Украина;2017;200.0;1.0;200.0
40;Паровые турбины;ТЭС;Карагандинская ТЭС-2;Казахстан;2017;130.0;2.0;260.0
43;Паровые турбины;ТЭС;Таманская ТЭС;Россия;2017;80.0;4.0;320.0
45;Паровые турбины;ГРЭС;Костромская ГРЭС;Россия;2016;1200.0;1.0;1200.0
52;Гидравлические турбины;ГЭС;"ГЭС ""Нуойя""";Финляндия;2016;38.0;1.0;38.0
56;Паровые турбины;ГРЭС;Березовская ГРЭС;Белоруссия;2015;800.0;1.0;800.0
58;Паровые турбины;ГРЭС;Ириклинская ГРЭС-3;Россия;2015;300.0;1.0;300.0
59;Паровые турбины;ГРЭС;Черепетская ГРЭС;Россия;2015;225.0;1.0;225.0
60;Гидравлические турбины;ГЭС;Волжская ГЭС;Россия;2015;145.0;1.0;145.0
64;Паровые турбины;ТЭЦ;Омская ТЭЦ-3;Россия;2015;120.0;1.0;120.0
65;Паровые турбины;ТЭС;Раахе ТЭС;Финляндия;2015;120.0;1.0;120.0
66;Гидравлические турбины;ГЭС;Плявиньская ГЭС;Латвия;2015;104.741;1.0;104.741
68;Гидравлические турбины;ГЭС;Нижне-Бурейская ГЭС;Россия;2015;82.0;4.0;328.0
71;Гидравлические турбины;ГЭС;Кегум ГЭС;Латвия;2015;77.8;1.0;77.8
73;Гидравлические турбины;ГЭС;Кыгы ГЭС;Турция;2015;51.265;3.0;153.79500000000002
79;Паровые турбины;ГРЭС;Беловская ГРЭС;Россия;2014;225.0;2.0;450.0
80;Паровые турбины;ТЭС;Луганская ТЭС;Украина;2014;215.0;1.0;215.0
81;Гидравлические турбины;ГЭС;Джердап-1 ГЭС;Сербия;2014;205.0;1.0;205.0
85;Гидравлические турбины;ГЭС;Жигулевская ГЭС;Россия;2014;145.0;8.0;1160.0
86;Гидравлические турбины;ГЭС;Волжская ГЭС;Россия;2014;145.0;7.0;1015.0
90;Паровые турбины;ГРЭС;Верхнетагильская ГРЭС;Россия;2014;120.0;1.0;120.0
91;Паровые турбины;ТЭЦ;Благовещенская ТЭЦ;Россия;2014;120.0;1.0;120.0
92;Гидравлические турбины;ГЭС;Усть-Каменогорская ГЭС;Казахстан;2014;95.0;1.0;95.0
105;Паровые турбины;АЭС;Ленинградская АЭС-2, блок №2;Россия;2013;1200.0;1.0;1200.0
109;Паровые турбины;ТЭС;Сырдарьинская ТЭС;Узбекистан;2013;300.0;2.0;600.0
112;Гидравлические турбины;ГЭС;Чарвакская ГЭС;Узбекистан;2013;175.0;2.0;350.0
115;Гидравлические турбины;ГЭС;Волжская ГЭС;Россия;2013;145.0;3.0;435.0
116;Гидравлические турбины;ГЭС;Жигулевская ГЭС;Россия;2013;125.0;4.0;500.0
118;Паровые турбины;ГРЭС;Томь-Усинская ГРЭС;Россия;2013;120.0;1.0;120.0
121;Гидравлические турбины;ГЭС;Рыбинская ГЭС;Россия;2013;70.0;1.0;70.0
122;Гидравлические турбины;ГЭС;Пунта Негра ГЭС;Аргентина;2013;35.47;2.0;70.94
124;Гидравлические турбины;ГЭС;Лесогорская ГЭС;Россия;2013;32.6;1.0;32.6
126;Паровые турбины;АЭС;Нововоронежская АЭС-2, блок №2;Россия;2012;1200.0;1.0;1200.0
130;Паровые турбины;ГРЭС;Рязанская ГРЭС;Россия;2012;330.0;1.0;330.0
131;Паровые турбины;ТЭС;Кармановская ТЭС;Россия;2012;300.0;1.0;300.0
132;Паровые турбины;ТЭС;Битола ТЭС;Македония;2012;235.0;1.0;235.0
133;Паровые турбины;ГРЭС;Беловская ГРЭС;Россия;2012;225.0;1.0;225.0
134;Паровые турбины;ТЭС;Верхнетагильская ТЭС;Россия;2012;220.0;1.0;220.0
135;Паровые турбины;ТЭС;Бурштынская ТЭС, ст. №5;Украина;2012;215.0;1.0;215.0
137;Гидравлические турбины;ГЭС;Чарвакская ГЭС;Узбекистан;2012;175.0;2.0;350.0
141;Паровые турбины;ГРЭС;Томь-Усинская ГРЭС;Россия;2012;120.0;1.0;120.0
148;Паровые турбины;АЭС;Ленинградская АЭС-2, блок №1;Россия;2011;1200.0;1.0;1200.0
149;Паровые турбины;АЭС;Нововоронежская АЭС-2, блок №1;Россия;2011;1200.0;1.0;1200.0
150;Паровые турбины;АЭС;Белоярская АЭС, блок №4;Россия;2011;890.0;1.0;890.0
151;Паровые турбины;ТЭС;Барх ТЭС;Индия;2011;660.0;1.0;660.0
155;Паровые турбины;ТЭЦ;Луганская ТЭЦ;Украина;2011;215.0;1.0;215.0
157;Паровые турбины;ГРЭС;Гусиноозерская ГРЭС;Россия;2011;210.0;1.0;210.0
158;Паровые турбины;ТЭС;Битола ТЭС ст. №2;Македония;2011;200.0;1.0;200.0
164;Паровые турбины;ГРЭС;Уренгойская ГРЭС;Россия;2011;160.0;1.0;160.0
165;Гидравлические турбины;ГЭС;Волжская ГЭС;Россия;2011;125.0;2.0;250.0
166;Паровые турбины;ТЭЦ;Карагандинская ТЭЦ-3;Казахстан;2011;120.0;1.0;120.0
168;Паровые турбины;ТЭС;Вояны ТЭС;Словакия;2011;110.0;1.0;110.0
175;Гидравлические турбины;ГЭС;Баксанская ГЭС;Россия;2011;9.3;3.0;27.900000000000002
176;Паровые турбины;ГРЭС;Костромская ГРЭС (ст. №9);Россия;2010;1200.0;1.0;1200.0
178;Паровые турбины;АЭС;Калининская АЭС, блок №4;Россия;2010;1000.0;1.0;1000.0
181;Гидравлические турбины;ГЭС;Саяно-Шушенская ГЭС;Россия;2010;650.0;10.0;6500.0
183;Паровые турбины;ГРЭС;Киришская ГРЭС;Россия;2010;300.0;1.0;300.0
187;Паровые турбины;ГРЭС;Черепетская ГРЭС;Россия;2010;225.0;2.0;450.0
188;Паровые турбины;ГРЭС;Харанорская ГРЭС;Россия;2010;225.0;1.0;225.0
190;Паровые турбины;ТЭС;Битола ТЭС ст. №1;Македония;2010;200.0;2.0;400.0
194;Паровые турбины;ТЭС;Сисак ТЭС;Хорватия;2010;80.0;1.0;80.0
197;Паровые турбины;ГРЭС;Конаковская ГРЭС;Россия;2009;325.0;4.0;1300.0
198;Паровые турбины;ГРЭС;Кармановская ГРЭС;Россия;2009;303.0;3.0;909.0
199;Гидравлические турбины;ГЭС;Загорская-2 ГЭС;Россия;2009;235.0;4.0;940.0
202;Паровые турбины;ТЭС;Кураховская ТЭС;Россия;2009;210.0;1.0;210.0
203;Паровые турбины;ТЭС;Плевля ТЭС;Черногория;2009;207.7;1.0;207.7
204;Паровые турбины;ГРЭС;Луганская ГРЭС;Украина;2009;200.0;3.0;600.0
205;Паровые турбины;ТЭС;Ювяскиля ТЭС;Финляндия;2009;186.0;1.0;186.0
211;Паровые турбины;ТЭЦ;Тюменская ТЭЦ;Россия;2009;130.0;2.0;260.0
212;Паровые турбины;ТЭЦ;Калиниградская ТЭЦ-2;Россия;2009;125.0;2.0;250.0
213;Паровые турбины;ТЭЦ;"Южная ТЭЦ-22 ОАО ""ТГК-1""";Россия;2009;125.0;1.0;125.0
214;Паровые турбины;ТЭЦ;"Правобережная ТЭЦ-5 ОАО ""ТГК-1""";Россия;2009;125.0;1.0;125.0
215;Паровые турбины;ГРЭС;Ивановская ГРЭС;Россия;2009;110.0;2.0;220.0
217;Паровые турбины;ТЭЦ;Минусинская ТЭЦ;Россия;2009;86.0;1.0;86.0
218;Гидравлические турбины;ГЭС;Бухтарминская ГЭС;Казахстан;2009;82.0;1.0;82.0
219;Паровые турбины;ТЭС;Геллер ТЭС;Венгрия;2009;80.3;1.0;80.3
223;Гидравлические турбины;ГЭС;Саратовская ГЭС;Россия;2009;55.0;2.0;110.0
224;Паровые турбины;ТЭС;Сипат ТЭС;Индия;2008;660.0;3.0;1980.0
225;Гидравлические турбины;ГЭС;Богучанская ГЭС;Россия;2008;340.0;9.0;3060.0
226;Гидравлические турбины;ГЭС;Бурейская ГЭС;Россия;2008;339.5;2.0;679.0
228;Паровые турбины;ТЭС;Агиос Димитриос ТЭС, ст.3;Греция;2008;316.5;2.0;633.0
229;Паровые турбины;ТЭС;Марица-Восток-3 ТЭС;Болгария;2008;225.0;3.0;675.0
231;Паровые турбины;ТЭС;Обра ТЭС;Индия;2008;215.0;1.0;215.0
232;Паровые турбины;ТЭС;Кураховская ТЭС;Украина;2008;208.0;1.0;208.0
236;Гидравлические турбины;ГЭС;Жигулевская ГЭС;Россия;2008;129.0;2.0;258.0
237;Паровые турбины;ТЭЦ;Мосэнерго ТЭЦ-27;Россия;2008;125.0;2.0;250.0
238;Гидравлические турбины;ГЭС;Камбаратинская-2 ГЭС;Киргизия;2008;122.5;2.0;245.0
239;Паровые турбины;ТЭЦ;Новокемеровская ТЭЦ ст.15;Россия;2008;120.0;1.0;120.0
242;Паровые турбины;ТЭЦ;Мосэнерго ТЭЦ-12;Россия;2008;91.0;1.0;91.0
243;Паровые турбины;ТЭЦ;Мосэнерго ТЭЦ-26;Россия;2008;91.0;1.0;91.0
244;Гидравлические турбины;ГЭС;Ла Игера ГЭС;Чили;2008;77.5;2.0;155.0
245;Гидравлические турбины;ГЭС;Плейкронг ГЭС;Вьетнам;2008;51.282;1.0;51.282
246;Паровые турбины;ГРЭС;Томская ГРЭС-2 ст.2;Россия;2008;50.0;1.0;50.0
248;Гидравлические турбины;ГЭС;Светогорская ГЭС;Россия;2008;29.0;3.0;87.0
249;Гидравлические турбины;ГЭС;Лесогорская ГЭС;Россия;2008;28.1;3.0;84.30000000000001
251;Паровые турбины;ТЭС;Барх ТЭС;Индия;2007;660.0;1.0;660.0
252;Паровые турбины;ТЭС;Сипат ТЭС;Индия;2007;300.0;3.0;900.0
254;Гидравлические турбины;ГЭС;Сангтудинская-I ГЭС;Таджикистан;2007;171.0;4.0;684.0
257;Гидравлические турбины;ГЭС;Байши ГЭС;Китай;2007;142.9;3.0;428.70000000000005
258;Гидравлические турбины;ГЭС;Буон Куоп ГЭС;Вьетнам;2007;142.5;2.0;285.0
259;Паровые турбины;ТЭЦ;Мосэнерго ТЭЦ-21;Россия;2007;125.0;1.0;125.0
260;Гидравлические турбины;ГЭС;А Вуонг ГЭС;Вьетнам;2007;107.0;2.0;214.0
266;Паровые турбины;ТЭЦ;Мосэнерго ТЭЦ-22;Россия;2007;60.0;1.0;60.0
268;Паровые турбины;ГРЭС;Корпорация Казахмыс, ТОО, ГРЭС;Казахстан;2007;55.0;1.0;55.0
269;Гидравлические турбины;ГЭС;Локтак ГЭС;Индия;2007;43.36;3.0;130.07999999999998
272;Гидравлические турбины;ГЭС;Братская ГЭС;Россия;2006;255.0;6.0;1530.0
275;Гидравлические турбины;ГЭС;Волжская ГЭС;Россия;2006;129.0;5.0;645.0
279;Паровые турбины;ТЭЦ;Мосэнерго ТЭЦ-9;Россия;2006;70.0;1.0;70.0
280;Гидравлические турбины;ГЭС;Лос Караколес ГЭС;Аргентина;2006;62.6;2.0;125.2
282;Гидравлические турбины;ГЭС;Кильеко ГЭС;Чили;2006;35.88;2.0;71.76
283;Гидравлические турбины;ГЭС;Памило-2 ГЭС;Финляндия;2006;32.8;1.0;32.8
285;Гидравлические турбины;ГЭС;Гумати ГЭС;Грузия;2006;13.0;1.0;13.0
289;Паровые турбины;АЭС;Куданкулам АЭС, блоки №1,2;Индия;2005;1000.0;2.0;2000.0
293;Паровые турбины;ГРЭС;Костромская ГРЭС;Россия;2005;300.0;1.0;300.0
294;Паровые турбины;ГРЭС;Азербайджанская ГРЭС;Азербайджан;2005;300.0;1.0;300.0
295;Паровые турбины;ТЭС;Марыйская ТЭС;Туркменистан;2005;235.0;1.0;235.0
296;Паровые турбины;ТЭС;Конасима ТЭС;Индия;2005;167.0;1.0;167.0
299;Гидравлические турбины;ГЭС;Сесан-3 ГЭС;Вьетнам;2005;132.65;2.0;265.3
300;Гидравлические турбины;ГЭС;Майнская ГЭС;Россия;2005;110.0;1.0;110.0
302;Гидравлические турбины;ГЭС;Балимела ГЭС;Индия;2005;76.8;2.0;153.6
304;Гидравлические турбины;ГЭС;Торул ГЭС;Турция;2005;52.8;2.0;105.6
306;Паровые турбины;ТЭЦ;Витебская ТЭЦ;Беларусь;2005;35.0;1.0;35.0
309;Гидравлические турбины;ГЭС;Утанен ГЭС;Финляндия;2005;22.67;1.0;22.67
312;Паровые турбины;АЭС;Хмельницкая АЭС, блок №2;Украина;2004;1000.0;1.0;1000.0
314;Паровые турбины;ТЭС;Уонг Би ТЭС;Вьетнам;2004;300.0;1.0;300.0
316;Паровые турбины;ТЭС;Битола ТЭС;Македония;2004;235.0;1.0;235.0
318;Гидравлические турбины;ГЭС;Джердап-1 ГЭС;Сербия;2004;194.0;1.0;194.0
319;Гидравлические турбины;ГЭС;Ципинпу ГЭС;Китай;2004;193.9;4.0;775.6
323;Паровые турбины;ТЭЦ;Сакмарская ТЭЦ;Россия;2004;65.0;1.0;65.0
326;Паровые турбины;ТЭС;Бирла ТЭС;Индия;2004;60.0;1.0;60.0
328;Паровые турбины;ТЭС;Сталова Воля ТЭС;Польша;2004;30.0;1.0;30.0
332;Гидравлические турбины;ГЭС;Порто Гоеш ГЭС;Бразилия;2004;13.62;1.0;13.62
334;Гидравлические турбины;ГЭС;Хорог ГЭС;Таджикистан;2004;1.8;5.0;9.0
335;Гидравлические турбины;ГЭС;Намангут ГЭС;Таджикистан;2004;1.0;2.0;2.0
336;Гидравлические турбины;ГЭС;Ванч ГЭС;Таджикистан;2004;0.6;2.0;1.2
339;Паровые турбины;АЭС;Тяньвань АЭС, блок №2;Китай;2003;1000.0;1.0;1000.0
341;Гидравлические турбины;ГЭС;Бурейская ГЭС;Россия;2003;339.0;4.0;1356.0
342;Паровые турбины;ТЭС;Балтийская ТЭС;Эстония;2003;200.0;1.0;200.0
344;Паровые турбины;ГРЭС;Черепетская ГРЭС;Россия;2003;150.0;1.0;150.0
346;Гидравлические турбины;ГЭС;Ванмипо ГЭС;Китай;2003;82.5;3.0;247.5
351;Гидравлические турбины;ГЭС;Крангеде ГЭС;Швеция;2003;44.28;3.0;132.84
352;Гидравлические турбины;ГЭС;Кан Дон ГЭС;Вьетнам;2003;39.6;2.0;79.2
355;Паровые турбины;ГРЭС;Кемеровская ГРЭС;Россия;2003;30.0;5.0;150.0
362;Паровые турбины;АЭС;Тяньвань АЭС, блок №1;Китай;2002;1000.0;1.0;1000.0
363;Паровые турбины;ГРЭС;Лукомльская ГРЭС;Беларусь;2002;307.0;1.0;307.0
364;Паровые турбины;ТЭС;Минтия Дева ТЭС;Румыния;2002;225.0;1.0;225.0
365;Паровые турбины;ТЭС;Эстонская ТЭС;Эстония;2002;215.0;1.0;215.0
371;Паровые турбины;ТЭЦ;Жезказганская ТЭЦ;Казахстан;2002;30.0;1.0;30.0
372;Паровые турбины;ТЭЦ;Балхашская ТЭЦ;Казахстан;2002;30.0;1.0;30.0
376;Паровые турбины;ГРЭС;Щекинская ГРЭС;Россия;2001;200.0;1.0;200.0
377;Гидравлические турбины;ГЭС;Бурейская ГЭС;Россия;2001;190.0;2.0;380.0
378;Паровые турбины;ГРЭС;Артемовская ГРЭС;Россия;2001;120.0;1.0;120.0
385;Паровые турбины;ТЭЦ;Мосэнерго ТЭЦ-17;Россия;2001;30.0;1.0;30.0
386;Паровые турбины;;Магнитогорский МК;Россия;2001;30.0;1.0;30.0
388;Гидравлические турбины;ГЭС;Юмагузинская ГЭС;Россия;2001;15.6;3.0;46.8
392;Паровые турбины;ТЭС;Флорина ТЭС;Греция;2000;330.0;1.0;330.0
393;Паровые турбины;ТЭС;Альхольма ТЭС;Финляндия;2000;255.0;1.0;255.0
394;Паровые турбины;ТЭС;Марица-Восток-2 ТЭС;Болгария;2000;165.0;1.0;165.0
397;Паровые турбины;ТЭЦ;Красноярская ТЭЦ-1;Россия;2000;85.0;1.0;85.0
398;Паровые турбины;ТЭЦ;Красноярская ТЭЦ-1;Россия;2000;85.0;1.0;85.0
399;Гидравлические турбины;ГЭС;Бухтарминская ГЭС;Казахстан;2000;82.0;7.0;574.0
401;Паровые турбины;ТЭЦ;Павлодарская ТЭЦ АО «Алюминий»;Казахстан;2000;50.0;1.0;50.0
405;Паровые турбины;;Нижнетагильский МК;Россия;2000;30.0;2.0;60.0
407;Паровые турбины;ГРЭС;Кемеровская ГРЭС;Россия;2000;30.0;1.0;30.0
408;Паровые турбины;ТЭЦ;Уралметпром ТЭЦ;Россия;2000;25.0;1.0;25.0
412;Гидравлические турбины;ГЭС;Лю Дзя Ся ГЭС;Китай;1999;280.0;1.0;280.0
413;Гидравлические турбины;ГЭС;Усть-Среднеканская ГЭС;Россия;1999;145.4;2.0;290.8
414;Паровые турбины;ТЭЦ;Невинномысская ТЭЦ;Россия;1999;80.0;1.0;80.0
416;Паровые турбины;ТЭС;Освал ТЭС;Индия;1999;55.0;1.0;55.0
418;Паровые турбины;ТЭЦ;Аргаяшская ТЭЦ;Россия;1999;50.0;1.0;50.0
422;Паровые турбины;ТЭС;Ллойд Стил ТЭС;Индия;1999;40.0;2.0;80.0
423;Паровые турбины;ТЭЦ;ТЭЦ Новолипецкого мет. завода;Россия;1999;35.0;2.0;70.0
425;Паровые турбины;ТЭЦ;Ленэнерго ТЭЦ-15;Россия;1999;30.0;1.0;30.0
426;Паровые турбины;ТЭЦ;Новосибирская ТЭЦ-4;Россия;1999;30.0;1.0;30.0
430;Гидравлические турбины;ГЭС;Кегумская ГЭС;Латвия;1999;18.1;3.0;54.300000000000004
432;Гидравлические турбины;ГЭС;Толмачевская-III ГЭС;Россия;1999;9.633;2.0;19.266
436;Паровые турбины;ТЭС;Вояны ТЭС;Словакия;1998;110.0;2.0;220.0
439;Гидравлические турбины;ГЭС;Платоноврисси ГЭС;Греция;1998;62.5;2.0;125.0
442;Паровые турбины;ТЭЦ;Тамбовская ТЭЦ;Россия;1998;40.0;1.0;40.0
445;Паровые турбины;ТЭЦ;Ленэнерго ТЭЦ-15;Россия;1998;30.0;2.0;60.0
446;Гидравлические турбины;ГЭС;Нижне-Черекские ГЭС;Россия;1998;20.8;7.0;145.6
447;Гидравлические турбины;ГЭС;Туполангская (малая) ГЭС;Узбекистан;1998;15.5;2.0;31.0
449;Паровые турбины;ГРЭС;Каширская ГРЭС;Россия;1997;330.0;1.0;330.0
453;Паровые турбины;ТЭС;Сиддирганч ТЭС;Бангладеш;1997;210.0;1.0;210.0
454;Паровые турбины;ТЭЦ;Красноярская ТЭЦ-3;Россия;1997;185.0;2.0;370.0
455;Паровые турбины;ГРЭС;Нерюнгринская ГРЭС;Россия;1997;185.0;1.0;185.0
456;Гидравлические турбины;ГЭС;Колымская ГЭС;Россия;1997;184.0;1.0;184.0
457;Паровые турбины;ГРЭС;Черепетская ГРЭС;Россия;1997;150.0;4.0;600.0
458;Паровые турбины;ТЭЦ;Ленэнерго ТЭЦ (Северо-Западная;Россия;1997;150.0;2.0;300.0
459;Паровые турбины;ТЭЦ;Карагандинская-2 ТЭЦ;Казахстан;1997;120.0;2.0;240.0
461;Паровые турбины;ТЭЦ;Владимирская ТЭЦ;Россия;1997;120.0;1.0;120.0
462;Паровые турбины;;Сибирский ХК;Россия;1997;120.0;1.0;120.0
465;Гидравлические турбины;ГЭС;Урра-I ГЭС;Колумбия;1997;85.0;4.0;340.0
466;Паровые турбины;ТЭЦ;Мосэнерго ТЭЦ-11;Россия;1997;80.0;1.0;80.0
467;Паровые турбины;ТЭС;Бургас ТЭС;Болгария;1997;65.0;1.0;65.0
468;Паровые турбины;;Кондопога ЦБК;Россия;1997;65.0;1.0;65.0
470;Паровые турбины;ГРЭС;Южно-Уральская ГРЭС;Россия;1997;55.0;1.0;55.0
471;Гидравлические турбины;ГЭС;Цимлянская ГЭС;Россия;1997;54.0;2.0;108.0
472;Паровые турбины;ТЭЦ;Мосэнерго ТЭЦ-20;Россия;1997;35.0;1.0;35.0
473;Гидравлические турбины;ГЭС;Памило ГЭС;Финляндия;1997;31.3;1.0;31.3
476;Паровые турбины;;Северсталь МК;Россия;1997;30.0;1.0;30.0
477;Паровые турбины;ТЭЦ;Пензенская ТЭЦ-1;Россия;1997;30.0;1.0;30.0
478;Паровые турбины;ГРЭС;Барабинская ГРЭС;Россия;1997;30.0;1.0;30.0
482;Гидравлические турбины;ГЭС;Риони ГЭС;Грузия;1997;13.7;2.0;27.4
483;Гидравлические турбины;ГЭС;Билягидонская ГЭС;Россия;1997;1.58;1.0;1.58
484;Гидравлические турбины;ГЭС;Толмачевская-I ГЭС;Россия;1997;1.1;2.0;2.2
485;Паровые турбины;ТЭЦ;Минская ТЭЦ-5;Россия;1996;330.0;1.0;330.0
486;Паровые турбины;ГРЭС;Беловская ГРЭС;Россия;1996;215.0;5.0;1075.0
487;Гидравлические турбины;ГЭС;Яли ГЭС;Вьетнам;1996;188.3;4.0;753.2
490;Паровые турбины;ГРЭС;Мироновская ГРЭС;Украина;1996;140.0;1.0;140.0
491;Паровые турбины;ГРЭС;Томь-Усинская ГРЭС;Россия;1996;115.0;1.0;115.0
492;Паровые турбины;ГРЭС;Южнокузбасская ГРЭС;Россия;1996;115.0;1.0;115.0
493;Паровые турбины;ТЭЦ;Нижне-Камская ТЭЦ;Россия;1996;80.0;2.0;160.0
496;Паровые турбины;ТЭЦ;Волжская ТЭЦ - 1;Россия;1996;65.0;1.0;65.0
497;Паровые турбины;ТЭЦ;Орская ТЭЦ-1;Россия;1996;65.0;1.0;65.0
498;Паровые турбины;ТЭЦ;Волжская ТЭЦ-1;Россия;1996;65.0;1.0;65.0
500;Паровые турбины;ТЭС;Нава-Бхарат ТЭС;Индия;1996;55.0;1.0;55.0
503;Паровые турбины;;Кондопога ЦБК;Россия;1996;30.0;2.0;60.0
504;Паровые турбины;;Челябинский МК;Россия;1996;30.0;1.0;30.0
505;Паровые турбины;ТЭЦ;Кузнецкая ТЭЦ;Россия;1996;30.0;1.0;30.0
506;Паровые турбины;;Кузнецкий МК;Россия;1996;30.0;1.0;30.0
507;Паровые турбины;ТЭС;ЗАО ГАЗ ТЭС;Россия;1996;30.0;1.0;30.0
510;Паровые турбины;ТЭС;Суйчжунь ТЭС;Китай;1995;800.0;2.0;1600.0
511;Паровые турбины;ТЭС;Иминь ТЭС;Китай;1995;500.0;2.0;1000.0
512;Паровые турбины;ТЭС;Шантоу ТЭС;Китай;1995;300.0;2.0;600.0
513;Паровые турбины;ТЭС;Добротворская ТЭС;Украина;1995;225.0;1.0;225.0
514;Паровые турбины;ТЭС;Тахколуото ТЭС;Финляндия;1995;200.0;1.0;200.0
515;Паровые турбины;ТЭЦ;Ленэнерго ТЭЦ-5;Россия;1995;180.0;2.0;360.0
516;Гидравлические турбины;ГЭС;Волжская ГЭС;Россия;1995;123.0;5.0;615.0
517;Гидравлические турбины;ГЭС;Жигулевская ГЭС;Россия;1995;123.0;4.0;492.0
518;Паровые турбины;ТЭЦ;Петропавловская ТЭЦ;Казахстан;1995;120.0;1.0;120.0
519;Паровые турбины;ТЭС;Скавина ТЭС;Польша;1995;110.0;4.0;440.0
521;Гидравлические турбины;ГЭС;Аль-Вахда ГЭС;Марокко;1995;82.6;3.0;247.79999999999998
522;Паровые турбины;ТЭЦ;Мосэнерго ТЭЦ-27;Россия;1995;80.0;2.0;160.0
523;Паровые турбины;ТЭЦ;Пензенская ТЭЦ-1;Россия;1995;65.0;1.0;65.0
524;Паровые турбины;ГРЭС;Уруссинская ГРЭС;Россия;1995;65.0;1.0;65.0
525;Паровые турбины;ТЭЦ;Курская ТЭЦ-1;Россия;1995;65.0;1.0;65.0
527;Паровые турбины;ТЭЦ;Павлодарская ТЭЦ-1;Казахстан;1995;50.0;2.0;100.0
528;Паровые турбины;ТЭЦ;Барабинская ТЭЦ;Россия;1995;50.0;1.0;50.0
529;Гидравлические турбины;ГЭС;Нижне-Свирская ГЭС;Россия;1995;31.0;2.0;62.0
530;Паровые турбины;ТЭЦ;Мосэнерго ТЭЦ-16;Россия;1995;25.0;1.0;25.0
531;Паровые турбины;ТЭЦ;Мосэнерго ТЭЦ-20;Россия;1995;25.0;1.0;25.0
532;Паровые турбины;ТЭЦ;Пермская ТЭЦ-9;Россия;1995;25.0;1.0;25.0
533;Паровые турбины;ТЭЦ;Первомайская ТЭЦ;Россия;1995;25.0;1.0;25.0
534;Паровые турбины;ТЭЦ;Ново-Рязанская ТЭЦ;Россия;1995;25.0;1.0;25.0
535;Гидравлические турбины;ГЭС;Бешенка ГЭС;Россия;1995;1.56;1.0;1.56
536;Гидравлические турбины;ГЭС;Галера ГЭС;Бразилия;1995;0.5;2.0;1.0
539;Паровые турбины;ГРЭС;Псков ГРЭС;Россия;1994;215.0;3.0;645.0
540;Гидравлические турбины;ГЭС;Уитес ГЭС;Мексика;1994;211.0;2.0;422.0
541;Паровые турбины;ТЭС;Горазал ТЭС;Бангладеш;1994;210.0;4.0;840.0
542;Паровые турбины;ГРЭС;Верхне-Тагильская ГРЭС;Россия;1994;200.0;2.0;400.0
543;Паровые турбины;ТЭЦ;Новосибирская ТЭЦ-5;Россия;1994;180.0;6.0;1080.0
544;Паровые турбины;ТЭЦ;Челябинск ТЭЦ-3;Россия;1994;180.0;2.0;360.0
545;Паровые турбины;ТЭС;Топпила ТЭС-2;Финляндия;1994;139.0;1.0;139.0
546;Паровые турбины;ТЭЦ;Партизанская ТЭЦ;Россия;1994;120.0;1.0;120.0
548;Паровые турбины;ТЭС;Нан-Дин ТЭС;Китай;1994;65.0;2.0;130.0
549;Паровые турбины;ТЭЦ;Могилев ТЭЦ - 2;Беларусь;1994;65.0;1.0;65.0
550;Паровые турбины;ТЭЦ;Красноярская ТЭЦ-1;Россия;1994;65.0;1.0;65.0
551;Паровые турбины;ТЭЦ;Бийская ТЭЦ - 1;Россия;1994;65.0;1.0;65.0
553;Паровые турбины;ТЭЦ;Саратовская ТЭЦ-2;Россия;1994;50.0;1.0;50.0
554;Паровые турбины;ТЭЦ;Мосэнерго ТЭЦ-17;Россия;1994;50.0;1.0;50.0
555;Паровые турбины;ТЭЦ;Мосэнерго ТЭЦ-16;Россия;1994;25.0;1.0;25.0
556;Гидравлические турбины;ГЭС;Нива-II ГЭС;Россия;1994;15.3;4.0;61.2
558;Паровые турбины;ГРЭС;Экибастузская-2 ГРЭС;Казахстан;1993;500.0;3.0;1500.0
563;Паровые турбины;ГРЭС;Томь-Усинская ГРЭС;Россия;1993;215.0;4.0;860.0
564;Паровые турбины;ГРЭС;Старобешевская ГРЭС;Украина;1993;200.0;6.0;1200.0
565;Гидравлические турбины;ГЭС;Бхакра-Нангал ГЭС;Индия;1993;159.7;5.0;798.5
566;Паровые турбины;ГРЭС;Южно-Уральская ГРЭС;Россия;1993;120.0;1.0;120.0
567;Паровые турбины;ГРЭС;Южнокузбасская ГРЭС;Россия;1993;100.0;1.0;100.0
568;Паровые турбины;ТЭЦ;Павлодарская ТЭЦ-1;Казахстан;1993;65.0;2.0;130.0
569;Паровые турбины;;ЭС нефтеперерабат. завода Чи-лу;Китай;1993;65.0;2.0;130.0
570;Паровые турбины;ТЭЦ;Волжская ТЭЦ - 1;Россия;1993;65.0;2.0;130.0
571;Паровые турбины;ТЭЦ;Ново-Горьковская ТЭЦ;Россия;1993;65.0;1.0;65.0
572;Паровые турбины;ТЭЦ;Ново-Рязанская ТЭЦ;Россия;1993;65.0;1.0;65.0
573;Паровые турбины;ТЭЦ;Саранск ТЭЦ-2;Россия;1993;65.0;1.0;65.0
574;Паровые турбины;ТЭС;Кенкоу ТЭС;Китай;1993;55.0;1.0;55.0
575;Паровые турбины;ТЭЦ;Ленэнерго ТЭЦ-7;Россия;1993;50.0;1.0;50.0
576;Паровые турбины;ТЭЦ;Омская ТЭЦ-3;Россия;1993;50.0;1.0;50.0
577;Паровые турбины;ТЭЦ;Актюбинск ТЭЦ;Казахстан;1993;40.0;1.0;40.0
578;Паровые турбины;ТЭЦ;Иркутская ТЭЦ-1;Россия;1993;25.0;1.0;25.0
579;Гидравлические турбины;ГЭС;Мункфорс ГЭС;Швеция;1993;14.4;1.0;14.4
581;Паровые турбины;ГРЭС;Березовская ГРЭС;Беларусь;1992;800.0;3.0;2400.0
582;Паровые турбины;ТЭС;Цзисянь ТЭС;Китай;1992;500.0;2.0;1000.0
587;Паровые турбины;ГРЭС;Печорская ГРЭС;Россия;1992;210.0;6.0;1260.0
588;Паровые турбины;ГРЭС;Молдавская ГРЭС;Молдавия;1992;200.0;1.0;200.0
589;Паровые турбины;ГРЭС;Бурштынская ГРЭС;Украина;1992;200.0;1.0;200.0
590;Паровые турбины;ТЭЦ;Гомельская ТЭЦ-2;Беларусь;1992;180.0;3.0;540.0
593;Гидравлические турбины;ГЭС;Капанда ГЭС;Ангола;1992;133.0;4.0;532.0
594;Паровые турбины;ГРЭС;Мироновская ГРЭС;Украина;1992;120.0;1.0;120.0
595;Паровые турбины;ТЭЦ;ТЭЦ Чарджоу (Сейдинская ТЭЦ);Туркменистан;1992;80.0;3.0;240.0
596;Паровые турбины;;Алтайский КХЗ;Россия;1992;80.0;2.0;160.0
597;Паровые турбины;ТЭЦ;Новокемеровская ТЭЦ;Россия;1992;80.0;1.0;80.0
598;Паровые турбины;ТЭЦ;Калушжская ТЭЦ;Украина;1992;80.0;1.0;80.0
599;Паровые турбины;ТЭЦ;Новокемеровская ТЭЦ;Россия;1992;80.0;1.0;80.0
600;Гидравлические турбины;ГЭС;Рыбинская ГЭС;Россия;1992;65.0;7.0;455.0
601;Паровые турбины;ТЭЦ;Новосибирская ТЭЦ-2;Россия;1992;65.0;2.0;130.0
602;Паровые турбины;ТЭЦ;Барнаул ТЭЦ-2;Россия;1992;65.0;2.0;130.0
603;Паровые турбины;ТЭЦ;Барнаульская ТЭЦ-2;Россия;1992;65.0;2.0;130.0
604;Паровые турбины;ГРЭС;Томская ГРЭС-2;Россия;1992;65.0;1.0;65.0
605;Паровые турбины;ТЭЦ;Читинская ТЭЦ;Россия;1992;65.0;1.0;65.0
606;Паровые турбины;ТЭЦ;Волгоградская ТЭЦ-2;Россия;1992;65.0;1.0;65.0
607;Паровые турбины;ТЭЦ;ТЭЦ Карагандинского мет. Завода;Казахстан;1992;65.0;1.0;65.0
608;Паровые турбины;ТЭЦ;Ереван ТЭЦ;Армения;1992;65.0;1.0;65.0
609;Паровые турбины;ТЭЦ;Кировская ТЭЦ-4;Россия;1992;65.0;1.0;65.0
610;Паровые турбины;ТЭЦ;Иркутская ТЭЦ-9;Россия;1992;65.0;1.0;65.0
611;Паровые турбины;ТЭЦ;Ярославская ТЭЦ-3;Россия;1992;65.0;1.0;65.0
612;Паровые турбины;ТЭЦ;Омская ТЭЦ-3;Россия;1992;65.0;1.0;65.0
613;Паровые турбины;ТЭЦ;Мосэнерго ТЭЦ-16;Россия;1992;60.0;3.0;180.0
614;Паровые турбины;ТЭЦ;Зап.-Сибирская ТЭЦ;Россия;1992;60.0;1.0;60.0
616;Паровые турбины;ТЭЦ;Стерлитамакская ТЭЦ;Россия;1992;50.0;1.0;50.0
617;Паровые турбины;ГРЭС;Светлогорская ГРЭС;Беларусь;1992;50.0;1.0;50.0
619;Гидравлические турбины;ГЭС;Кегум ГЭС;Латвия;1992;18.1;4.0;72.4
620;Гидравлические турбины;ГЭС;Су Джин Шань ГЭС;Китай;1992;16.5;1.0;16.5
621;Гидравлические турбины;ГЭС;Винучи ГЭС;США;1992;16.0;1.0;16.0
622;Гидравлические турбины;ГЭС;Волховская ГЭС;Россия;1992;12.25;4.0;49.0
623;Гидравлические турбины;ГЭС;Сант Бриджит ГЭС;Канада;1992;4.3;1.0;4.3
624;Паровые турбины;ГРЭС;Пермская ГРЭС;Россия;1991;800.0;4.0;3200.0
625;Паровые турбины;ГРЭС;Нижневартовская ГРЭС;Россия;1991;800.0;2.0;1600.0
627;Паровые турбины;ГРЭС;Азербайджанская ГРЭС;Азербайджан;1991;300.0;10.0;3000.0
629;Паровые турбины;ГРЭС;Ново-Ангренская ГРЭС;Узбекистан;1991;300.0;7.0;2100.0
630;Паровые турбины;ГРЭС;Раздан ГРЭС;Армения;1991;300.0;1.0;300.0
631;Паровые турбины;ГРЭС;Харанорская ГРЭС;Россия;1991;215.0;2.0;430.0
632;Паровые турбины;ТЭС;Кахалгаон ТЭС;Индия;1991;210.0;4.0;840.0
633;Паровые турбины;ГРЭС;Гусиноозерская ГРЭС;Россия;1991;210.0;4.0;840.0
634;Паровые турбины;ТЭЦ;Хабаровск ТЭЦ-3;Россия;1991;180.0;4.0;720.0
635;Паровые турбины;ТЭЦ;Ленэнерго Северная ТЭЦ;Россия;1991;180.0;1.0;180.0
637;Гидравлические турбины;ГЭС;Камбаратинская ГЭС;Киргизия;1991;123.0;1.0;123.0
638;Паровые турбины;ТЭЦ;Владимирская ТЭЦ;Россия;1991;80.0;2.0;160.0
639;Паровые турбины;ТЭЦ;Йошкар-Ола ТЭЦ-2;Россия;1991;80.0;1.0;80.0
640;Паровые турбины;ТЭЦ;Дзержинск ТЭЦ;Россия;1991;80.0;1.0;80.0
641;Паровые турбины;ТЭЦ;Тольятти ТЭЦ-1;Россия;1991;80.0;1.0;80.0
642;Паровые турбины;ТЭЦ;Петропавловск ТЭЦ-2;Россия;1991;65.0;1.0;65.0
643;Паровые турбины;ТЭЦ;Новокуйбышевская ТЭЦ-2;Россия;1991;65.0;1.0;65.0
644;Паровые турбины;ТЭЦ;Саратовская ТЭЦ-2;Россия;1991;65.0;1.0;65.0
645;Паровые турбины;ТЭЦ;Саратовская ТЭЦ-2;Россия;1991;65.0;1.0;65.0
646;Паровые турбины;ТЭЦ;Иркутская ТЭЦ-11;Россия;1991;65.0;1.0;65.0
647;Паровые турбины;ТЭЦ;Ярославская ТЭЦ-3;Россия;1991;65.0;1.0;65.0
648;Паровые турбины;ТЭЦ;Новополоцкая ТЭЦ;Россия;1991;65.0;1.0;65.0
649;Паровые турбины;ТЭЦ;Омская ТЭЦ-3;Россия;1991;65.0;1.0;65.0
650;Паровые турбины;ГРЭС;Карагандинская ГРЭС-1;Казахстан;1991;50.0;2.0;100.0
651;Паровые турбины;ТЭЦ;Казанская ТЭЦ-2;Россия;1991;50.0;1.0;50.0
652;Паровые турбины;ГРЭС;Томская ГРЭС-2;Россия;1991;50.0;1.0;50.0
653;Паровые турбины;ТЭЦ;Игумновская ТЭЦ;Россия;1991;25.0;1.0;25.0
654;Гидравлические турбины;ГЭС;Риони ГЭС;Грузия;1991;13.7;2.0;27.4
655;Гидравлические турбины;ГЭС;Памирская ГЭС;Таджикистан;1991;7.25;4.0;29.0
659;Паровые турбины;ГРЭС;Талимарджанская ГРЭС;Узбекистан;1990;800.0;1.0;800.0
664;Паровые турбины;ГРЭС;Тбилиская ГРЭС;Грузия;1990;300.0;3.0;900.0
666;Паровые турбины;ТЭС;Цзанцзе ТЭС;Китай;1990;215.0;4.0;860.0
668;Паровые турбины;ТЭС;Шуаньяшань ТЭС;Китай;1990;215.0;2.0;430.0
671;Паровые турбины;ТЭС;Мултан ТЭС;Пакистан;1990;210.0;3.0;630.0
672;Паровые турбины;ГРЭС;Южно-Уральская ГРЭС;Россия;1990;200.0;2.0;400.0
674;Паровые турбины;ТЭЦ;Мосэнерго ТЭЦ-9;Россия;1990;80.0;1.0;80.0
675;Паровые турбины;ТЭЦ;Рига ТЭЦ-1;Латвия;1990;65.0;1.0;65.0
676;Паровые турбины;ТЭЦ;Курганская ТЭЦ;Россия;1990;65.0;1.0;65.0
677;Паровые турбины;ТЭЦ;Тольяттинская ТЭЦ;Россия;1990;65.0;1.0;65.0
678;Паровые турбины;ГРЭС;Светлогорская ГРЭС;Беларусь;1990;65.0;1.0;65.0
679;Паровые турбины;ТЭЦ;Мосэнерго ТЭЦ-22;Россия;1990;60.0;6.0;360.0
680;Паровые турбины;ТЭЦ;Ереван ТЭЦ;Армения;1990;50.0;1.0;50.0
681;Паровые турбины;ТЭЦ;Сумгаит ТЭЦ-1;Азербайджан;1990;50.0;1.0;50.0
682;Паровые турбины;ТЭЦ;Салаватская ТЭЦ;Россия;1990;25.0;1.0;25.0
683;Паровые турбины;ТЭЦ;Кумертау ТЭЦ;Россия;1990;25.0;1.0;25.0
684;Паровые турбины;ТЭЦ;Иркутская ТЭЦ;Россия;1990;25.0;1.0;25.0
685;Паровые турбины;ТЭЦ;Уруссинская ТЭЦ;Россия;1990;25.0;1.0;25.0
687;Гидравлические турбины;ГЭС;Лонг Фоллс ГЭС;США;1990;3.28;1.0;3.28
688;Гидравлические турбины;ГЭС;Богнари ГЭС;Россия;1990;0.88;2.0;1.76
689;Паровые турбины;АЭС;Южно-Украинская АЭС, блок №3;Украина;1989;1001.0;1.0;1001.0
692;Паровые турбины;ГРЭС;Сургутская ГРЭС - 2;Россия;1989;800.0;7.0;5600.0
695;Паровые турбины;ТЭЦ;Жижель ТЭЦ;Алжир;1989;215.0;3.0;645.0
698;Паровые турбины;ТЭС;Муданцзян ТЭС;Китай;1989;215.0;2.0;430.0
699;Паровые турбины;ТЭС;Хуандао ТЭС;Китай;1989;215.0;2.0;430.0
700;Паровые турбины;ГРЭС;Тахиаташская ГРЭС;Узбекистан;1989;215.0;2.0;430.0
701;Паровые турбины;ТЭЦ;Тюменская ТЭЦ;Россия;1989;215.0;1.0;215.0
702;Паровые турбины;ТЭС;Марица-Восток ТЭС;Болгария;1989;210.0;6.0;1260.0
704;Паровые турбины;ТЭЦ;Норильская ТЭЦ-1;Россия;1989;110.0;2.0;220.0
705;Паровые турбины;ГРЭС;Южно-Уральская ГРЭС;Россия;1989;100.0;1.0;100.0
706;Паровые турбины;ТЭС;Улан-Батор ТЭС;Монголия;1989;80.0;3.0;240.0
707;Паровые турбины;;Ивановская -3;Россия;1989;80.0;2.0;160.0
708;Паровые турбины;ТЭЦ;Стерлитамак ТЭЦ;Россия;1989;65.0;2.0;130.0
709;Паровые турбины;ТЭЦ;Ленэнерго ТЭЦ-14;Россия;1989;65.0;1.0;65.0
710;Паровые турбины;ТЭЦ;Тольяттинская ТЭЦ;Россия;1989;65.0;1.0;65.0
711;Паровые турбины;ТЭЦ;Уфимская ТЭЦ-4;Россия;1989;65.0;1.0;65.0
712;Паровые турбины;ТЭЦ;Тольяттинская ТЭЦ-1;Россия;1989;50.0;2.0;100.0
713;Паровые турбины;ТЭЦ;Мосэнерго ТЭЦ-16;Россия;1989;25.0;1.0;25.0
714;Паровые турбины;ТЭЦ;Красноярская ТЭЦ-1;Россия;1989;25.0;1.0;25.0
715;Паровые турбины;ГРЭС;Уруссинская ГРЭС;Россия;1989;25.0;1.0;25.0
716;Гидравлические турбины;ГЭС;Нижне-Туломская ГЭС;Россия;1989;14.3;4.0;57.2
721;Паровые турбины;ТЭС;Лудуш ТЭС;Румыния;1988;215.0;2.0;430.0
722;Паровые турбины;ГРЭС;Новомосковская ГРЭС;Россия;1988;100.0;1.0;100.0
723;Паровые турбины;ГРЭС;Серовская ГРЭС;Россия;1988;100.0;1.0;100.0
724;Паровые турбины;ТЭЦ;Ново-Зиминская ТЭЦ;Россия;1988;80.0;4.0;320.0
725;Паровые турбины;ТЭЦ;Ульяновская ТЭЦ-2;Россия;1988;80.0;2.0;160.0
726;Паровые турбины;ТЭЦ;Мосэнерго ТЭЦ-11;Россия;1988;80.0;1.0;80.0
727;Паровые турбины;ТЭЦ;Краснокаменская ТЭЦ;Россия;1988;80.0;1.0;80.0
728;Паровые турбины;ТЭЦ;Пермская ТЭЦ-9;Россия;1988;65.0;1.0;65.0
729;Паровые турбины;ТЭЦ;Павлодарская ТЭЦ-1;Казахстан;1988;65.0;1.0;65.0
730;Паровые турбины;ТЭЦ;Ярославская ТЭЦ;Россия;1988;65.0;1.0;65.0
731;Паровые турбины;ТЭЦ;Алексинская ТЭЦ;Россия;1988;50.0;2.0;100.0
732;Паровые турбины;ТЭЦ;Новокуйбышевская ТЭЦ-1;Россия;1988;25.0;1.0;25.0
733;Паровые турбины;ТЭЦ;Грозэнерго ТЭЦ-2;Россия;1988;25.0;1.0;25.0
734;Паровые турбины;ТЭЦ;Мосэнерго ТЭЦ-20;Россия;1988;25.0;1.0;25.0
735;Паровые турбины;ТЭЦ;Ленэнерго ТЭЦ-2;Россия;1988;25.0;1.0;25.0
736;Гидравлические турбины;ГЭС;Бурджарская ГЭС;Узбекистан;1988;4.0;2.0;8.0
740;Паровые турбины;АЭС;Калининская АЭС, блок №3;Россия;1987;1000.0;1.0;1000.0
741;Паровые турбины;АЭС;Хмельницкая АЭС, блок №1;Украина;1987;1000.0;1.0;1000.0
747;Паровые турбины;ТЭС;Виндьячал ТЭС;Индия;1987;210.0;6.0;1260.0
748;Паровые турбины;ГРЭС;Приморская ГРЭС;Россия;1987;210.0;5.0;1050.0
749;Паровые турбины;ГРЭС;Марыйская ГРЭС;Туркменистан;1987;210.0;5.0;1050.0
750;Паровые турбины;ГРЭС;Верхне-Тагильская ГРЭС;Россия;1987;200.0;1.0;200.0
751;Паровые турбины;ТЭЦ;Комсомольская ТЭЦ-3;Россия;1987;180.0;2.0;360.0
753;Паровые турбины;ГРЭС;Южнокузбасская ГРЭС;Россия;1987;100.0;1.0;100.0
754;Паровые турбины;ТЭЦ;Новосибирск ТЭЦ-2;Россия;1987;80.0;2.0;160.0
755;Паровые турбины;ТЭЦ;Мосэнерго ТЭЦ-12;Россия;1987;80.0;2.0;160.0
756;Паровые турбины;ТЭЦ;Волжская ТЭЦ - 2;Россия;1987;80.0;1.0;80.0
757;Гидравлические турбины;ГЭС;Мингечаурская ГЭС;Азербайджан;1987;71.5;6.0;429.0
758;Паровые турбины;ТЭЦ;Сумгаит ТЭЦ-1;Азербайджан;1987;65.0;1.0;65.0
759;Паровые турбины;ТЭЦ;Ново-Полоцк ТЭЦ;Беларусь;1987;65.0;1.0;65.0
760;Паровые турбины;ТЭЦ;Мосэнерго ТЭЦ-20;Россия;1987;60.0;2.0;120.0
762;Паровые турбины;ТЭЦ;Ленэнерго ТЭЦ-2;Россия;1987;25.0;1.0;25.0
763;Паровые турбины;ТЭЦ;Мосэнерго ТЭЦ-16;Россия;1987;25.0;1.0;25.0
764;Паровые турбины;ТЭЦ;Мосэнерго ТЭЦ-20;Россия;1987;25.0;1.0;25.0
765;Паровые турбины;ТЭЦ;Воронежская ТЭЦ;Россия;1987;25.0;1.0;25.0
766;Паровые турбины;ТЭЦ;Рижская ТЭЦ-1;Латвия;1987;25.0;1.0;25.0
767;Гидравлические турбины;ГЭС;Земо-Авчальская ГЭС;Грузия;1987;15.0;1.0;15.0
773;Паровые турбины;ТЭС;Еншвальде ТЭС;Германия;1986;500.0;6.0;3000.0
776;Паровые турбины;ТЭС;Углевик ТЭС;Босния и Герцеговина;1986;300.0;2.0;600.0
777;Паровые турбины;;Рязанская МГДЭС;Россия;1986;300.0;1.0;300.0
779;Гидравлические турбины;ГЭС;Хоа-Бинь ГЭС;Вьетнам;1986;245.0;8.0;1960.0
780;Паровые турбины;ТЭЦ;Тюменская ТЭЦ-2;Россия;1986;180.0;3.0;540.0
781;Гидравлические турбины;ГЭС;Ташлыкская ГЭС;Украина;1986;179.16;6.0;1074.96
785;Гидравлические турбины;ГЭС;Чиан ГЭС;Вьетнам;1986;102.0;4.0;408.0
786;Паровые турбины;ТЭЦ;Камчатская ТЭЦ-2;Россия;1986;80.0;2.0;160.0
787;Паровые турбины;;Башкирский КХЗ;Россия;1986;80.0;1.0;80.0
788;Паровые турбины;ТЭЦ;Дзержинская ТЭЦ;Россия;1986;65.0;1.0;65.0
789;Паровые турбины;ТЭЦ;Безымянская ТЭЦ;Россия;1986;50.0;1.0;50.0
790;Паровые турбины;ГРЭС;Южнокузбасская ГРЭС;Россия;1986;50.0;1.0;50.0
791;Паровые турбины;ТЭЦ;Иркутск ТЭЦ-9;Россия;1986;50.0;1.0;50.0
792;Гидравлические турбины;ГЭС;Храм-1 ГЭС;Грузия;1986;38.1;3.0;114.30000000000001
798;Гидравлические турбины;ГЭС;Круонисская ГЭС;Литва;1985;205.0;5.0;1025.0
799;Паровые турбины;ГРЭС;Нерюнгринская ГРЭС;Россия;1985;180.0;2.0;360.0
800;Паровые турбины;ТЭЦ;Вильнюс ТЭЦ-3;Литва;1985;180.0;2.0;360.0
806;Паровые турбины;ТЭС;Фалай ТЭС;Вьетнам;1985;110.0;4.0;440.0
807;Паровые турбины;;Череповецкий МК;Россия;1985;80.0;2.0;160.0
808;Паровые турбины;ТЭЦ;Астрахань ТЭЦ-2;Россия;1985;80.0;2.0;160.0
809;Паровые турбины;ТЭЦ;Ленэнерго ТЭЦ-20;Россия;1985;80.0;1.0;80.0
810;Паровые турбины;ТЭС;Иоенсу ТЭС;Финляндия;1985;60.0;1.0;60.0
811;Паровые турбины;ТЭС;Николаевская-на Амуре ТЭС;Россия;1985;55.0;2.0;110.0
812;Паровые турбины;ТЭЦ;ТЭЦ Мубарекскского газоперерабат. завода;Узбекистан;1985;50.0;2.0;100.0
813;Паровые турбины;ТЭЦ;Алма-Атинская ТЭЦ-2;Казахстан;1985;50.0;1.0;50.0
817;Паровые турбины;ТЭС;Аминдеон ТЭС;Греция;1984;310.0;2.0;620.0
821;Паровые турбины;ТЭС;Битола ТЭС;Македония;1984;210.0;3.0;630.0
822;Паровые турбины;ТЭЦ;Красноводская ТЭЦ-2;Туркменистан;1984;210.0;2.0;420.0
824;Паровые турбины;ТЭС;Орханели ТЭС;Турция;1984;210.0;1.0;210.0
825;Гидравлические турбины;ГЭС;Загорская ГЭС;Россия;1984;205.0;6.0;1230.0
829;Паровые турбины;ТЭЦ;Амурская ТЭЦ-1;Россия;1984;80.0;2.0;160.0
830;Паровые турбины;ТЭЦ;Мосэнерго ТЭЦ-12;Россия;1984;60.0;2.0;120.0
831;Паровые турбины;ТЭЦ;Мосэнерго ТЭЦ-9;Россия;1984;60.0;2.0;120.0
832;Паровые турбины;ТЭЦ;Ивановская ТЭЦ-2;Россия;1984;50.0;1.0;50.0
833;Гидравлические турбины;ГЭС;Земо-Авчальская ГЭС;Грузия;1984;15.0;1.0;15.0
835;Паровые турбины;ГРЭС;Экибастузская-1 ГРЭС;Казахстан;1983;500.0;2.0;1000.0
836;Паровые турбины;ТЭС;Агиос-Димитриос ТЭС;Греция;1983;310.0;2.0;620.0
838;Паровые турбины;ГРЭС;Сургут ГРЭС-1;Россия;1983;210.0;9.0;1890.0
839;Паровые турбины;ГРЭС;Смоленская ГРЭС;Россия;1983;210.0;3.0;630.0
845;Паровые турбины;ГРЭС;Каширская ГРЭС;Россия;1983;80.0;1.0;80.0
846;Паровые турбины;ТЭЦ;Норильская-ТЭЦ-3;Россия;1983;80.0;1.0;80.0
847;Паровые турбины;ТЭЦ;Балаковская ТЭЦ-4;Россия;1983;50.0;1.0;50.0
848;Гидравлические турбины;ГЭС;Джердап-II ГЭС;Сербия;1983;28.0;8.0;224.0
853;Паровые турбины;ГРЭС;Сырдарьинская ГРЭС;Узбекистан;1982;300.0;5.0;1500.0
856;Паровые турбины;ГРЭС;Нерюнгринская ГРЭС;Россия;1982;210.0;1.0;210.0
857;Паровые турбины;ГРЭС;Сургутская ГРЭС- 2;Россия;1982;180.0;2.0;360.0
859;Паровые турбины;ГРЭС;Нижегородская ГРЭС;Россия;1982;80.0;1.0;80.0
860;Паровые турбины;ТЭЦ;Кировская ТЭЦ - 5;Россия;1982;80.0;1.0;80.0
861;Паровые турбины;ГРЭС;Шатурская ГРЭС;Россия;1982;80.0;1.0;80.0
862;Паровые турбины;ТЭЦ;Павлодарская ТЭЦ-1;Казахстан;1982;80.0;1.0;80.0
864;Паровые турбины;ТЭЦ;Мажейкская ТЭЦ;Литва;1982;50.0;1.0;50.0
866;Гидравлические турбины;ГЭС;Спандарянская ГЭС;Армения;1982;39.2;2.0;78.4
868;Гидравлические турбины;ГЭС;Железные Ворота-II ГЭС;Румыния;1982;28.0;2.0;56.0
869;Паровые турбины;ГРЭС;Ириклинская ГРЭС;Россия;1981;300.0;3.0;900.0
879;Паровые турбины;ТЭЦ;Целиноградская ТЭЦ - 2;Казахстан;1981;80.0;3.0;240.0
880;Паровые турбины;ТЭЦ;Мосэнерго Южная ТЭЦ;Россия;1981;80.0;2.0;160.0
882;Паровые турбины;ТЭЦ;Мосэнерго ТЭЦ-9;Россия;1981;50.0;1.0;50.0
883;Паровые турбины;ТЭЦ;Сызранская ТЭЦ;Россия;1981;50.0;1.0;50.0
885;Гидравлические турбины;ГЭС;Тюямуюнская ГЭС;Таджикистан;1981;26.0;6.0;156.0
886;Гидравлические турбины;ГЭС;Цимлянская ГЭС;Россия;1981;26.0;6.0;156.0
887;Паровые турбины;ГРЭС;Рязанская ГРЭС;Россия;1980;800.0;2.0;1600.0
890;Паровые турбины;ТЭС;Байя Бланка (Пьедра Буэна) ТЭС;Аргентина;1980;300.0;2.0;600.0
893;Гидравлические турбины;ГЭС;Колымская ГЭС;Россия;1980;184.0;5.0;920.0
896;Паровые турбины;ГРЭС;Партизанская ГРЭС;Россия;1980;110.0;1.0;110.0
897;Гидравлические турбины;ГЭС;Чебоксарская ГЭС;Россия;1980;80.5;5.0;402.5
898;Паровые турбины;ТЭЦ;Алма-Ата ТЭЦ -2;Казахстан;1980;80.0;3.0;240.0
899;Паровые турбины;ТЭЦ;Владивосток ТЭЦ - 2;Россия;1980;80.0;2.0;160.0
900;Паровые турбины;ТЭЦ;Мажейкская ТЭЦ;Литва;1980;80.0;2.0;160.0
901;Паровые турбины;ТЭЦ;Кишинев ТЭЦ-2;Молдавия;1980;80.0;2.0;160.0
902;Паровые турбины;ТЭЦ;Омская ТЭЦ - 5;Россия;1980;80.0;2.0;160.0
903;Паровые турбины;ТЭЦ;Липецкая ТЭЦ - 2;Россия;1980;80.0;2.0;160.0
904;Паровые турбины;ТЭЦ;Котовская ТЭЦ -2;Россия;1980;80.0;1.0;80.0
905;Паровые турбины;ТЭЦ;Минусинская ТЭЦ;Россия;1980;80.0;1.0;80.0
908;Паровые турбины;ТЭС;Аджаокуте ТЭС;Нигерия;1980;60.0;1.0;60.0
909;Паровые турбины;ТЭС;Искандерун ТЭС;Турция;1980;55.0;2.0;110.0
910;Паровые турбины;ТЭЦ;Камчатская ТЭЦ-1;Россия;1980;55.0;1.0;55.0
911;Паровые турбины;ТЭС;Аджаокуте ТЭС;Нигерия;1980;55.0;1.0;55.0
912;Гидравлические турбины;ГЭС;Иовская ГЭС;Россия;1980;50.0;2.0;100.0
913;Паровые турбины;ТЭЦ;ТЭЦ Пермского ЗСК;Россия;1980;50.0;1.0;50.0
917;Паровые турбины;ТЭС;Кардия ТЭС;Греция;1979;300.0;2.0;600.0
920;Паровые турбины;АЭС;Белоярская АЭС, блок №3;Россия;1979;210.0;3.0;630.0
921;Паровые турбины;ГРЭС;Навоийская ГРЭС;Узбекистан;1979;210.0;2.0;420.0
922;Паровые турбины;ГРЭС;Молдавская ГРЭС;Молдавия;1979;200.0;2.0;400.0
928;Паровые турбины;ГРЭС;Ткварчельская ГРЭС;Грузия;1979;110.0;2.0;220.0
930;Паровые турбины;ТЭЦ;Чимкент ТЭЦ;Казахстан;1979;80.0;2.0;160.0
931;Паровые турбины;ТЭЦ;Таллинн ТЭЦ-2;Эстония;1979;80.0;1.0;80.0
932;Паровые турбины;ТЭЦ;Чебоксарская ТЭЦ - 2;Россия;1979;80.0;1.0;80.0
933;Паровые турбины;ТЭЦ;Шевченко ТЭЦ;Казахстан;1979;80.0;1.0;80.0
934;Паровые турбины;ТЭС;ТЭС Сыктывкарского ЛПК;Россия;1979;80.0;1.0;80.0
935;Паровые турбины;ТЭЦ;ТЭЦ Пермского ЗСК;Россия;1979;60.0;1.0;60.0
936;Паровые турбины;ТЭЦ;ТЭЦ Абаканского вагоностроит. завода;Россия;1979;60.0;1.0;60.0
937;Паровые турбины;ТЭЦ;Усть-Илимская ТЭЦ;Россия;1979;50.0;2.0;100.0
938;Гидравлические турбины;ГЭС;Юшкозерская ГЭС;Россия;1979;9.3;2.0;18.6
939;Паровые турбины;ГРЭС;Костромская ГРЭС;Россия;1978;1200.0;1.0;1200.0
940;Паровые турбины;ТЭС;Козенице ТЭС;Польша;1978;500.0;1.0;500.0
942;Паровые турбины;ТЭС;Костанера ТЭС;Аргентина;1978;300.0;1.0;300.0
943;Паровые турбины;ТЭС;Варна ТЭС;Болгария;1978;210.0;2.0;420.0
944;Паровые турбины;ГРЭС;Шатура ГРЭС;Россия;1978;210.0;2.0;420.0
945;Паровые турбины;ТЭС;Дева ТЭС;Румыния;1978;210.0;1.0;210.0
946;Паровые турбины;ГРЭС;Череповецкая ГРЭС;Россия;1978;210.0;1.0;210.0
947;Паровые турбины;ТЭС;Плевле ТЭС;Черногория;1978;210.0;1.0;210.0
949;Гидравлические турбины;ГЭС;Сайт-I ГЭС;Канада;1978;179.0;4.0;716.0
950;Гидравлические турбины;ГЭС;Собрадиньо ГЭС;Бразилия;1978;178.0;6.0;1068.0
955;Гидравлические турбины;ГЭС;Нижнекамская ГЭС;Россия;1978;80.5;16.0;1288.0
956;Паровые турбины;ТЭЦ;Саратов ТЭЦ-3;Россия;1978;80.0;1.0;80.0
957;Паровые турбины;ТЭЦ;Барнаул ТЭЦ-3;Россия;1978;80.0;1.0;80.0
962;Паровые турбины;;Алтайский КХЗ;Россия;1978;60.0;2.0;120.0
963;Паровые турбины;ТЭЦ;Норильск ТЭЦ-3;Россия;1978;60.0;2.0;120.0
964;Паровые турбины;ТЭС;Русе-Восток ТЭС;Россия;1978;60.0;2.0;120.0
965;Паровые турбины;;Башкирский КХЗ;Россия;1978;60.0;1.0;60.0
966;Паровые турбины;ГРЭС;Благовещенск ГРЭС;Россия;1978;60.0;1.0;60.0
967;Паровые турбины;ТЭЦ;Краснокаменская ТЭЦ;Казахстан;1978;60.0;1.0;60.0
968;Паровые турбины;ТЭС;ТЭС металург. завода Карачи;Пакистан;1978;55.0;2.0;110.0
969;Паровые турбины;ТЭЦ;Каргалинская ТЭЦ;Россия;1978;50.0;2.0;100.0
970;Паровые турбины;ТЭЦ;Камская ТЭЦ;Россия;1978;50.0;1.0;50.0
971;Паровые турбины;ТЭЦ;Рубежанская ТЭЦ-2;Украина;1978;50.0;1.0;50.0
972;Паровые турбины;ТЭС;Борзешти ТЭС;Румыния;1978;50.0;1.0;50.0
973;Паровые турбины;ТЭЦ;Ефремовская ТЭЦ;Россия;1978;50.0;1.0;50.0
974;Паровые турбины;ГРЭС;Киришская ГРЭС;Россия;1978;50.0;1.0;50.0
976;Паровые турбины;ГРЭС;Запорожская ГРЭС;Украина;1977;800.0;1.0;800.0
977;Паровые турбины;ГРЭС;Углегорская ГРЭС;Россия;1977;800.0;1.0;800.0
978;Гидравлические турбины;ГЭС;Саяно-Шушенская ГЭС;Россия;1977;735.0;10.0;7350.0
981;Паровые турбины;ТЭС;Боксберг ТЭС;Германия;1977;500.0;1.0;500.0
988;Гидравлические турбины;ГЭС;Мактаквак ГЭС;Канада;1977;110.0;2.0;220.0
989;Паровые турбины;ТЭЦ;Мосэнерго ТЭЦ-21;Россия;1977;80.0;1.0;80.0
990;Паровые турбины;ТЭЦ;Петрозаводская ТЭЦ;Россия;1977;60.0;1.0;60.0
991;Паровые турбины;ТЭЦ;Тамбовская ТЭЦ;Россия;1977;60.0;1.0;60.0
992;Паровые турбины;ТЭЦ;Усть-Илимская ТЭЦ;Россия;1977;60.0;1.0;60.0
993;Паровые турбины;ТЭЦ;Каргалинская ТЭЦ;Россия;1977;60.0;1.0;60.0
994;Паровые турбины;ТЭЦ;Ново-Стерлитамак ТЭЦ;Россия;1977;60.0;1.0;60.0
995;Паровые турбины;ТЭЦ;Шевченко ТЭЦ;Казахстан;1977;60.0;1.0;60.0
996;Паровые турбины;ТЭЦ;Волгодонская ТЭЦ-2;Россия;1977;60.0;1.0;60.0
997;Паровые турбины;ГРЭС;Аркагалинская ГРЭС;Россия;1977;55.0;1.0;55.0
998;Паровые турбины;ТЭС;Бразь-II ТЭС;Румыния;1977;50.0;1.0;50.0
999;Паровые турбины;ТЭЦ;Казанская ТЭЦ-1;Россия;1977;50.0;1.0;50.0
1001;Гидравлические турбины;ГЭС;Руза-II ГЭС;Россия;1977;1.87;2.0;3.74
1002;Гидравлические турбины;ГЭС;Верхняя Руза ГЭС;Россия;1977;1.15;2.0;2.3
1012;Гидравлические турбины;ГЭС;Перепадная ГЭС;Грузия;1976;1.7;2.0;3.4
1013;Гидравлические турбины;ГЭС;Майка ГЭС;Канада;1975;444.0;2.0;888.0
1017;Гидравлические турбины;ГЭС;Зейская ГЭС;Россия;1975;220.0;6.0;1320.0
1026;Гидравлические турбины;ГЭС;Дженпег ГЭС;Канада;1975;29.0;6.0;174.0
1028;Гидравлические турбины;ГЭС;Токтогульская ГЭС;Киргизия;1974;307.0;4.0;1228.0
1036;Гидравлические турбины;ГЭС;Капивара ГЭС;Бразилия;1974;163.0;4.0;652.0
1044;Гидравлические турбины;ГЭС;Локтак ГЭС;Индия;1974;36.1;1.0;36.1
1047;Гидравлические турбины;ГЭС;Усть-Илимская ГЭС;Россия;1973;245.0;16.0;3920.0
1060;Гидравлические турбины;ГЭС;Серебрянская-II ГЭС;Россия;1972;51.5;3.0;154.5
1061;Гидравлические турбины;ГЭС;Череповецкая-II ГЭС;Россия;1972;23.0;2.0;46.0
1065;Гидравлические турбины;ГЭС;Лоуэр Силеру ГЭС;Индия;1971;119.0;2.0;238.0
1070;Гидравлические турбины;ГЭС;Серебрянская-I ГЭС;Россия;1970;68.3;3.0;204.89999999999998
1071;Гидравлические турбины;ГЭС;Балимела ГЭС;Индия;1970;67.0;6.0;402.0
1074;Гидравлические турбины;ГЭС;Перепадная ГЭС;Грузия;1970;20.6;6.0;123.60000000000001
1080;Гидравлические турбины;ГЭС;Джердап ГЭС;Сербия;1969;178.0;6.0;1068.0
1081;Гидравлические турбины;ГЭС;Железные Ворота ГЭС;Румыния;1969;178.0;3.0;534.0
1082;Гидравлические турбины;ГЭС;Чарвакская ГЭС;Узбекистан;1969;155.0;4.0;620.0
1084;Гидравлические турбины;ГЭС;Саратовская ГЭС;Россия;1969;47.3;2.0;94.6
1085;Гидравлические турбины;ГЭС;Хеваскоски ГЭС;Россия;1969;24.0;2.0;48.0
1098;Гидравлические турбины;ГЭС;Татевская ГЭС;Армения;1967;54.6;3.0;163.8
1100;Гидравлические турбины;ГЭС;Саратовская, рыбоподъемник ГЭС;Россия;1967;9.3;1.0;9.3
1106;Гидравлические турбины;ГЭС;Асуанская ГЭС;Египет;1966;180.0;12.0;2160.0
1116;Гидравлические турбины;ГЭС;Саратовская ГЭС;Россия;1965;59.3;12.0;711.5999999999999
1118;Гидравлические турбины;ГЭС;Палакорская ГЭС;Россия;1965;10.2;3.0;30.599999999999998
1120;Гидравлические турбины;ГЭС;Красноярская ГЭС;Россия;1964;508.0;12.0;6096.0
1128;Гидравлические турбины;ГЭС;Бхакра-Нангал ГЭС;Индия;1964;127.0;5.0;635.0
1130;Гидравлические турбины;ГЭС;Бухтарминская ГЭС;Казахстан;1964;90.0;1.0;90.0
1131;Гидравлические турбины;ГЭС;Путкинская ГЭС;Россия;1964;29.0;3.0;87.0
1135;Гидравлические турбины;ГЭС;Юнфын ГЭС;Китай;1963;114.0;1.0;114.0
1138;Гидравлические турбины;ГЭС;Верхне-Туломская ГЭС;Россия;1963;58.7;4.0;234.8
1139;Гидравлические турбины;ГЭС;Меттур-Таннел ГЭС;Индия;1963;56.7;4.0;226.8
1141;Гидравлические турбины;ГЭС;Череповецкая ГЭС;Россия;1963;25.0;2.0;50.0
1155;Гидравлические турбины;ГЭС;Борисоглебская ГЭС;Россия;1962;29.0;2.0;58.0
1156;Гидравлические турбины;ГЭС;Беломорская ГЭС;Россия;1962;9.2;3.0;27.599999999999998
1160;Гидравлические турбины;ГЭС;Волжская ГЭС;Россия;1961;132.0;1.0;132.0
1162;Гидравлические турбины;ГЭС;Воткинская ГЭС;Россия;1961;107.0;10.0;1070.0
1166;Гидравлические турбины;ГЭС;Уч-Курганская ГЭС;Киргизия;1961;52.1;4.0;208.4
1167;Гидравлические турбины;ГЭС;Выгостровская ГЭС;Россия;1961;22.8;2.0;45.6
1170;Гидравлические турбины;ГЭС;Братская ГЭС;Россия;1960;230.0;18.0;4140.0
1172;Гидравлические турбины;ГЭС;Санмынься ГЭС;Китай;1960;154.0;2.0;308.0
1174;Гидравлические турбины;ГЭС;Храм 2 ГЭС;Грузия;1960;56.5;2.0;113.0
1176;Гидравлические турбины;ГЭС;Дыхов ГЭС;Польша;1960;26.5;1.0;26.5
1177;Гидравлические турбины;ГЭС;Хиракуд-II ГЭС;Индия;1960;25.4;1.0;25.4
1178;Гидравлические турбины;ГЭС;Гагра ГЭС;Грузия;1960;0.8;1.0;0.8
1181;Гидравлические турбины;ГЭС;Бухтарминская ГЭС;Россия;1959;77.0;8.0;616.0
1183;Гидравлические турбины;ГЭС;Фархадская ГЭС;Узбекистан;1959;30.0;2.0;60.0
1184;Гидравлические турбины;ГЭС;Орточальская ГЭС;Грузия;1958;6.3;3.0;18.9
1186;Гидравлические турбины;ГЭС;Волжская ГЭС;Россия;1957;126.0;1.0;126.0
1189;Гидравлические турбины;ГЭС;Камская ГЭС;Россия;1957;21.8;1.0;21.8
1190;Гидравлические турбины;ГЭС;Нуха ГЭС;Азербайджан;1957;0.83;2.0;1.66
1194;Гидравлические турбины;ГЭС;Гизельдон ГЭС;Грузия;1955;8.1;3.0;24.299999999999997
1195;Гидравлические турбины;ГЭС;Волжская ГЭС;Россия;1954;126.0;20.0;2520.0
1199;Гидравлические турбины;ГЭС;Горьковская ГЭС;Россия;1953;59.0;8.0;472.0
1200;Гидравлические турбины;ГЭС;Гюмушская ГЭС;Армения;1953;57.0;2.0;114.0
1203;Гидравлические турбины;ГЭС;Княжегубская ГЭС;Россия;1953;37.0;4.0;148.0
1206;Гидравлические турбины;ГЭС;Ортачальская ГЭС;Грузия;1953;6.3;3.0;18.9
1208;Гидравлические турбины;ГЭС;Фын-Мань ГЭС;Китай;1952;85.0;6.0;510.0
1209;Гидравлические турбины;ГЭС;Мингечаурская ГЭС;Азербайджан;1952;74.5;1.0;74.5
1212;Гидравлические турбины;ГЭС;Мингечаурская ГЭС;Азербайджан;1952;61.5;3.0;184.5
1217;Гидравлические турбины;ГЭС;Нарвская ГЭС;Россия;1952;48.0;3.0;144.0
1220;Гидравлические турбины;ГЭС;Комсомольская ГЭС;Узбекистан;1952;21.0;2.0;42.0
1221;Гидравлические турбины;ГЭС;Тавакская ГЭС;Узбекистан;1952;19.0;2.0;38.0
1223;Гидравлические турбины;ГЭС;Сходня ГЭС;Россия;1952;2.5;1.0;2.5
1225;Гидравлические турбины;ГЭС;Усть-Каменогорская ГЭС;Казахстан;1951;85.0;4.0;340.0
1229;Гидравлические турбины;ГЭС;Цимлянская ГЭС;Россия;1951;41.5;3.0;124.5
1235;Гидравлические турбины;ГЭС;Мингечаурская ГЭС;Азербайджан;1950;61.5;2.0;123.0
1240;Гидравлические турбины;ГЭС;Свирь-II ГЭС;Россия;1950;46.0;4.0;184.0
1242;Гидравлические турбины;ГЭС;Дыхов ГЭС;Польша;1950;26.1;2.0;52.2
1252;Паровые турбины;ГРЭС;Ириклинская ГРЭС-3;Россия;;;;
1253;Паровые турбины;ГРЭС;Ириклинская ГРЭС-3;Россия;;;;
